<layer>
  <name>Pvt._Nursing_Home_Pvt</name>
  <id>LayerInfoImpl-37a69c58:17743a0ebd6:-7ff4</id>
  <type>VECTOR</type>
  <defaultStyle>
    <id>StyleInfoImpl--7e893d34:1774d0fd6b9:-7fea</id>
  </defaultStyle>
  <resource class="featureType">
    <id>FeatureTypeInfoImpl-37a69c58:17743a0ebd6:-7ff5</id>
  </resource>
  <attribution>
    <logoWidth>0</logoWidth>
    <logoHeight>0</logoHeight>
  </attribution>
  <dateCreated>2021-01-27 11:55:38.497 UTC</dateCreated>
  <dateModified>2021-01-29 08:43:25.603 UTC</dateModified>
</layer>