<dataStore>
  <id>DataStoreInfoImpl--7d32349b:17564db7347:-7ffc</id>
  <name>basemap_bbox</name>
  <type>GeoPackage</type>
  <enabled>true</enabled>
  <workspace>
    <id>WorkspaceInfoImpl-53a0964:16fc2624139:-7fff</id>
  </workspace>
  <connectionParameters>
    <entry key="Batch insert size">1</entry>
    <entry key="database">file:data/location_bbox.gpkg</entry>
    <entry key="fetch size">1000</entry>
    <entry key="Expose primary keys">false</entry>
    <entry key="dbtype">geopkg</entry>
    <entry key="namespace">vector</entry>
  </connectionParameters>
  <__default>false</__default>
  <dateCreated>2020-10-26 12:24:48.997 UTC</dateCreated>
  <dateModified>2020-10-29 16:37:34.478 UTC</dateModified>
</dataStore>
