<dataStore>
  <id>DataStoreInfoImpl--1408e31d:17743982f38:-7ff6</id>
  <name>City Level Office</name>
  <type>GeoPackage</type>
  <enabled>true</enabled>
  <workspace>
    <id>WorkspaceInfoImpl-53a0964:16fc2624139:-7fff</id>
  </workspace>
  <connectionParameters>
    <entry key="Batch insert size">1</entry>
    <entry key="database">file:data/City_Level_Offices.gpkg</entry>
    <entry key="fetch size">1000</entry>
    <entry key="passwd">crypt1:42Sq+ZasfitfOpmBpYkuEM2VQLL1A+iG</entry>
    <entry key="Expose primary keys">false</entry>
    <entry key="dbtype">geopkg</entry>
    <entry key="namespace">vector</entry>
  </connectionParameters>
  <__default>false</__default>
  <dateCreated>2021-01-27 11:34:19.854 UTC</dateCreated>
</dataStore>