<layer>
  <name>Protected_Monuments_and_Precincts_Area</name>
  <id>LayerInfoImpl-4efbcded:177422fc4d6:-7ff7</id>
  <type>VECTOR</type>
  <defaultStyle>
    <id>StyleInfoImpl--3e792261:17afd88f18c:-7e0e</id>
  </defaultStyle>
  <resource class="featureType">
    <id>FeatureTypeInfoImpl-4efbcded:177422fc4d6:-7ff8</id>
  </resource>
  <attribution>
    <logoWidth>0</logoWidth>
    <logoHeight>0</logoHeight>
  </attribution>
  <dateCreated>2021-01-27 05:01:29.751 UTC</dateCreated>
  <dateModified>2021-07-31 21:59:02.925 UTC</dateModified>
</layer>