<dataStore>
  <id>DataStoreInfoImpl-6dbd5527:17af090e526:-7f8c</id>
  <name>MO Bus Stops 1000m</name>
  <description>1000m buffer layer</description>
  <type>Shapefile</type>
  <enabled>true</enabled>
  <workspace>
    <id>WorkspaceInfoImpl-53a0964:16fc2624139:-7fff</id>
  </workspace>
  <connectionParameters>
    <entry key="charset">ISO-8859-1</entry>
    <entry key="filetype">shapefile</entry>
    <entry key="create spatial index">true</entry>
    <entry key="memory mapped buffer">false</entry>
    <entry key="timezone">Asia/Kolkata</entry>
    <entry key="enable spatial index">true</entry>
    <entry key="namespace">vector</entry>
    <entry key="cache and reuse memory maps">true</entry>
    <entry key="url">file:data/Mo_Bus_1000m/Mo_Bus_1000m.shp</entry>
    <entry key="fstype">shape</entry>
  </connectionParameters>
  <__default>false</__default>
  <dateCreated>2021-07-29 10:55:48.694 UTC</dateCreated>
</dataStore>