<layer>
  <name>Telepohone_Exchange</name>
  <id>LayerInfoImpl-2dc2df3b:177433d57f8:-7fe5</id>
  <type>VECTOR</type>
  <defaultStyle>
    <id>StyleInfoImpl--77411324:1774cbca159:-7fd0</id>
  </defaultStyle>
  <resource class="featureType">
    <id>FeatureTypeInfoImpl-2dc2df3b:177433d57f8:-7fe6</id>
  </resource>
  <attribution>
    <logoWidth>0</logoWidth>
    <logoHeight>0</logoHeight>
  </attribution>
  <dateCreated>2021-01-27 10:47:24.771 UTC</dateCreated>
  <dateModified>2021-01-29 07:15:41.749 UTC</dateModified>
</layer>