<featureType>
  <id>FeatureTypeInfoImpl-6b37ef78:17aa4721a7c:-7fee</id>
  <name>Service_Area_Map</name>
  <nativeName>Service_Area_Map</nativeName>
  <namespace>
    <id>NamespaceInfoImpl-53a0964:16fc2624139:-7fc8</id>
  </namespace>
  <title>Service_Area_Map</title>
  <abstract>Result of service area map showing accessibility of public transport</abstract>
  <keywords>
    <string>features</string>
    <string>Service_Area_Map</string>
  </keywords>
  <nativeCRS>GEOGCS[&quot;WGS 84&quot;, 
  DATUM[&quot;World Geodetic System 1984&quot;, 
    SPHEROID[&quot;WGS 84&quot;, 6378137.0, 298.257223563, AUTHORITY[&quot;EPSG&quot;,&quot;7030&quot;]], 
    AUTHORITY[&quot;EPSG&quot;,&quot;6326&quot;]], 
  PRIMEM[&quot;Greenwich&quot;, 0.0, AUTHORITY[&quot;EPSG&quot;,&quot;8901&quot;]], 
  UNIT[&quot;degree&quot;, 0.017453292519943295], 
  AXIS[&quot;Geodetic longitude&quot;, EAST], 
  AXIS[&quot;Geodetic latitude&quot;, NORTH], 
  AUTHORITY[&quot;EPSG&quot;,&quot;4326&quot;]]</nativeCRS>
  <srs>EPSG:4326</srs>
  <nativeBoundingBox>
    <minx>85.75629343857265</minx>
    <maxx>85.89994219005557</maxx>
    <miny>20.221040004399853</miny>
    <maxy>20.361213487409593</maxy>
    <crs>EPSG:4326</crs>
  </nativeBoundingBox>
  <latLonBoundingBox>
    <minx>85.75629343857265</minx>
    <maxx>85.89994219005557</maxx>
    <miny>20.221040004399853</miny>
    <maxy>20.361213487409593</maxy>
    <crs>EPSG:4326</crs>
  </latLonBoundingBox>
  <projectionPolicy>FORCE_DECLARED</projectionPolicy>
  <enabled>true</enabled>
  <metadata>
    <entry key="cachingEnabled">false</entry>
  </metadata>
  <store class="dataStore">
    <id>DataStoreInfoImpl-6b37ef78:17aa4721a7c:-7ff0</id>
  </store>
  <serviceConfiguration>false</serviceConfiguration>
  <simpleConversionEnabled>false</simpleConversionEnabled>
  <maxFeatures>0</maxFeatures>
  <numDecimals>0</numDecimals>
  <padWithZeros>false</padWithZeros>
  <forcedDecimal>false</forcedDecimal>
  <overridingServiceSRS>false</overridingServiceSRS>
  <skipNumberMatched>false</skipNumberMatched>
  <circularArcPresent>false</circularArcPresent>
</featureType>