<layer>
  <name>Service_Area_Map</name>
  <id>LayerInfoImpl-6b37ef78:17aa4721a7c:-7fed</id>
  <type>VECTOR</type>
  <defaultStyle>
    <id>StyleInfoImpl--5faec8f7:17b3407cea5:-7efc</id>
  </defaultStyle>
  <resource class="featureType">
    <id>FeatureTypeInfoImpl-6b37ef78:17aa4721a7c:-7fee</id>
  </resource>
  <attribution>
    <logoWidth>0</logoWidth>
    <logoHeight>0</logoHeight>
  </attribution>
  <dateCreated>2021-07-14 12:13:04.119 UTC</dateCreated>
  <dateModified>2021-08-11 10:55:14.872 UTC</dateModified>
</layer>