<dataStore>
  <id>DataStoreInfoImpl--63861973:177396dc0f9:-7ffc</id>
  <name>Agriculture</name>
  <type>GeoPackage</type>
  <enabled>true</enabled>
  <workspace>
    <id>WorkspaceInfoImpl-53a0964:16fc2624139:-7fff</id>
  </workspace>
  <connectionParameters>
    <entry key="Batch insert size">1</entry>
    <entry key="database">file:data/Agriculture_Area.gpkg</entry>
    <entry key="fetch size">1000</entry>
    <entry key="passwd">crypt1:f+pYd+ncwVodpawOVDfKqfx73M9dPoa6</entry>
    <entry key="Expose primary keys">false</entry>
    <entry key="dbtype">geopkg</entry>
    <entry key="namespace">vector</entry>
  </connectionParameters>
  <__default>false</__default>
  <dateCreated>2021-01-25 12:12:58.280 UTC</dateCreated>
</dataStore>