<layer>
  <name>Police_Stations</name>
  <id>LayerInfoImpl--20cdb769:17743209d09:-7ffa</id>
  <type>VECTOR</type>
  <defaultStyle>
    <id>StyleInfoImpl-2e3fc375:1774c70fea8:-7ffc</id>
  </defaultStyle>
  <resource class="featureType">
    <id>FeatureTypeInfoImpl--20cdb769:17743209d09:-7ffb</id>
  </resource>
  <attribution>
    <logoWidth>0</logoWidth>
    <logoHeight>0</logoHeight>
  </attribution>
  <dateCreated>2021-01-27 09:21:20.775 UTC</dateCreated>
  <dateModified>2021-01-29 06:42:56.161 UTC</dateModified>
</layer>