<dataStore>
  <id>DataStoreInfoImpl-5dd23270:17742469742:-7fef</id>
  <name>Utility and Services Use Zone</name>
  <type>GeoPackage</type>
  <enabled>true</enabled>
  <workspace>
    <id>WorkspaceInfoImpl-53a0964:16fc2624139:-7fff</id>
  </workspace>
  <connectionParameters>
    <entry key="Batch insert size">1</entry>
    <entry key="database">file:data/Utility_and_Services_use_Zone.gpkg</entry>
    <entry key="fetch size">1000</entry>
    <entry key="passwd">crypt1:JmUGJfDRKd9E6yFh63W7XUids0AxEwsR</entry>
    <entry key="Expose primary keys">false</entry>
    <entry key="dbtype">geopkg</entry>
    <entry key="namespace">vector</entry>
  </connectionParameters>
  <__default>false</__default>
  <dateCreated>2021-01-27 05:39:52.135 UTC</dateCreated>
</dataStore>