<layer>
  <name>Open_Space_Use_Zone</name>
  <id>LayerInfoImpl--dff21a4:17739986fea:-7ffa</id>
  <type>VECTOR</type>
  <defaultStyle>
    <id>StyleInfoImpl-50f2cee3:1719bd49253:-7ffe</id>
  </defaultStyle>
  <resource class="featureType">
    <id>FeatureTypeInfoImpl--dff21a4:17739986fea:-7ffb</id>
  </resource>
  <attribution>
    <logoWidth>0</logoWidth>
    <logoHeight>0</logoHeight>
  </attribution>
  <dateCreated>2021-01-25 12:52:30.585 UTC</dateCreated>
  <dateModified>2021-01-27 04:41:19.785 UTC</dateModified>
</layer>