<layer>
  <name>Open_Space_Use_Zone</name>
  <id>LayerInfoImpl--dff21a4:17739986fea:-7ffa</id>
  <type>VECTOR</type>
  <defaultStyle>
    <id>StyleInfoImpl--3e792261:17afd88f18c:-7e2a</id>
  </defaultStyle>
  <resource class="featureType">
    <id>FeatureTypeInfoImpl--dff21a4:17739986fea:-7ffb</id>
  </resource>
  <attribution>
    <logoWidth>0</logoWidth>
    <logoHeight>0</logoHeight>
  </attribution>
  <dateCreated>2021-01-25 12:52:30.585 UTC</dateCreated>
  <dateModified>2021-07-31 21:43:30.826 UTC</dateModified>
</layer>