<dataStore>
  <id>DataStoreInfoImpl--20cdb769:17743209d09:-7ffc</id>
  <name>Police Station</name>
  <type>GeoPackage</type>
  <enabled>true</enabled>
  <workspace>
    <id>WorkspaceInfoImpl-53a0964:16fc2624139:-7fff</id>
  </workspace>
  <connectionParameters>
    <entry key="Batch insert size">1</entry>
    <entry key="database">file:data/Police_Stations.gpkg</entry>
    <entry key="fetch size">1000</entry>
    <entry key="passwd">crypt1:dYSYyMaccBp/5vUkBGDcgXEctDE82pNo</entry>
    <entry key="Expose primary keys">false</entry>
    <entry key="dbtype">geopkg</entry>
    <entry key="namespace">vector</entry>
  </connectionParameters>
  <__default>false</__default>
  <dateCreated>2021-01-27 09:21:05.141 UTC</dateCreated>
  <dateModified>2021-01-29 06:19:12.250 UTC</dateModified>
</dataStore>