<dataStore>
  <id>DataStoreInfoImpl--348b1efa:17743b6526f:-7ffb</id>
  <name>Protected</name>
  <type>GeoPackage</type>
  <enabled>true</enabled>
  <workspace>
    <id>WorkspaceInfoImpl-53a0964:16fc2624139:-7fff</id>
  </workspace>
  <connectionParameters>
    <entry key="Batch insert size">1</entry>
    <entry key="database">file:data/Protected Area.gpkg</entry>
    <entry key="fetch size">1000</entry>
    <entry key="passwd">crypt1:1miSqTIvjbEFaeQyI57fZTS1Q/Rwl1LP</entry>
    <entry key="Expose primary keys">false</entry>
    <entry key="dbtype">geopkg</entry>
    <entry key="namespace">vector</entry>
  </connectionParameters>
  <__default>false</__default>
  <dateCreated>2021-01-27 12:17:36.47 UTC</dateCreated>
</dataStore>