<dataStore>
  <id>DataStoreInfoImpl-c3602c:1774375fb64:-7ff6</id>
  <name>College</name>
  <type>GeoPackage</type>
  <enabled>true</enabled>
  <workspace>
    <id>WorkspaceInfoImpl-53a0964:16fc2624139:-7fff</id>
  </workspace>
  <connectionParameters>
    <entry key="Batch insert size">1</entry>
    <entry key="database">file:data/Colleges.gpkg</entry>
    <entry key="fetch size">1000</entry>
    <entry key="passwd">crypt1:ubW+GCN9q0J+KO9eWpmMr3qxEwxbDyjJ</entry>
    <entry key="Expose primary keys">false</entry>
    <entry key="dbtype">geopkg</entry>
    <entry key="namespace">vector</entry>
  </connectionParameters>
  <__default>false</__default>
  <dateCreated>2021-01-27 11:04:35.497 UTC</dateCreated>
</dataStore>