<featureType>
  <id>FeatureTypeInfoImpl-6dbd5527:17af090e526:-7f8b</id>
  <name>Mo Bus 1000m</name>
  <nativeName>Mo_Bus_1000m</nativeName>
  <namespace>
    <id>NamespaceInfoImpl-53a0964:16fc2624139:-7ffe</id>
  </namespace>
  <title>Mo_Bus_1000m</title>
  <keywords>
    <string>features</string>
    <string>Mo_Bus_1000m</string>
    <string>MO Bus 1000m</string>
  </keywords>
  <nativeCRS>GEOGCS[&quot;WGS 84&quot;, 
  DATUM[&quot;World Geodetic System 1984&quot;, 
    SPHEROID[&quot;WGS 84&quot;, 6378137.0, 298.257223563, AUTHORITY[&quot;EPSG&quot;,&quot;7030&quot;]], 
    AUTHORITY[&quot;EPSG&quot;,&quot;6326&quot;]], 
  PRIMEM[&quot;Greenwich&quot;, 0.0, AUTHORITY[&quot;EPSG&quot;,&quot;8901&quot;]], 
  UNIT[&quot;degree&quot;, 0.017453292519943295], 
  AXIS[&quot;Geodetic longitude&quot;, EAST], 
  AXIS[&quot;Geodetic latitude&quot;, NORTH], 
  AUTHORITY[&quot;EPSG&quot;,&quot;4326&quot;]]</nativeCRS>
  <srs>EPSG:4326</srs>
  <nativeBoundingBox>
    <minx>85.74336328888472</minx>
    <maxx>85.87006796616379</maxx>
    <miny>20.22205713692739</miny>
    <maxy>20.363168563078773</maxy>
    <crs>EPSG:4326</crs>
  </nativeBoundingBox>
  <latLonBoundingBox>
    <minx>85.74336328888472</minx>
    <maxx>85.87006796616379</maxx>
    <miny>20.22205713692739</miny>
    <maxy>20.363168563078773</maxy>
    <crs>EPSG:4326</crs>
  </latLonBoundingBox>
  <projectionPolicy>FORCE_DECLARED</projectionPolicy>
  <enabled>true</enabled>
  <metadata>
    <entry key="cachingEnabled">false</entry>
  </metadata>
  <store class="dataStore">
    <id>DataStoreInfoImpl-6dbd5527:17af090e526:-7f8c</id>
  </store>
  <serviceConfiguration>false</serviceConfiguration>
  <simpleConversionEnabled>false</simpleConversionEnabled>
  <maxFeatures>0</maxFeatures>
  <numDecimals>0</numDecimals>
  <padWithZeros>false</padWithZeros>
  <forcedDecimal>false</forcedDecimal>
  <overridingServiceSRS>false</overridingServiceSRS>
  <skipNumberMatched>false</skipNumberMatched>
  <circularArcPresent>false</circularArcPresent>
</featureType>