<PAMDataset>
  <PAMRasterBand band="1">
    <Description>m1a_time_map</Description>
    <Metadata>
      <MDI key="COLOR_TABLE_RULES_COUNT">10</MDI>
      <MDI key="COLOR_TABLE_RULE_RGB_0">0.000000e+00 1.000000e+00 27 255 0 27 255 0</MDI>
      <MDI key="COLOR_TABLE_RULE_RGB_1">1.000000e+00 3.000000e+00 27 255 0 120 255 0</MDI>
      <MDI key="COLOR_TABLE_RULE_RGB_2">3.000000e+00 5.000000e+00 120 255 0 163 255 0</MDI>
      <MDI key="COLOR_TABLE_RULE_RGB_3">5.000000e+00 7.000000e+00 163 255 0 217 255 0</MDI>
      <MDI key="COLOR_TABLE_RULE_RGB_4">7.000000e+00 9.000000e+00 217 255 0 255 246 0</MDI>
      <MDI key="COLOR_TABLE_RULE_RGB_5">9.000000e+00 1.100000e+01 255 246 0 255 189 0</MDI>
      <MDI key="COLOR_TABLE_RULE_RGB_6">1.100000e+01 1.300000e+01 255 189 0 255 151 0</MDI>
      <MDI key="COLOR_TABLE_RULE_RGB_7">1.300000e+01 1.500000e+01 255 151 0 255 82 0</MDI>
      <MDI key="COLOR_TABLE_RULE_RGB_8">1.500000e+01 1.700000e+01 255 82 0 136 0 0</MDI>
      <MDI key="COLOR_TABLE_RULE_RGB_9">1.700000e+01 9.990000e+02 136 0 0 136 0 0</MDI>
      <MDI key="STATISTICS_MAXIMUM">10.203397258309</MDI>
      <MDI key="STATISTICS_MEAN">4.4933075909353</MDI>
      <MDI key="STATISTICS_MINIMUM">0</MDI>
      <MDI key="STATISTICS_STDDEV">1.9724171098505</MDI>
      <MDI key="STATISTICS_VALID_PERCENT">14.44</MDI>
    </Metadata>
  </PAMRasterBand>
</PAMDataset>
