<layer>
  <name>Permissible_Top_Elevation_142M_AMSL</name>
  <id>LayerInfoImpl-589299ad:177426eef8c:-7ff1</id>
  <type>VECTOR</type>
  <defaultStyle>
    <id>StyleInfoImpl--562f553f:177490865f4:-7fef</id>
  </defaultStyle>
  <resource class="featureType">
    <id>FeatureTypeInfoImpl-589299ad:177426eef8c:-7ff2</id>
  </resource>
  <attribution>
    <logoWidth>0</logoWidth>
    <logoHeight>0</logoHeight>
  </attribution>
  <dateCreated>2021-01-27 06:47:38.161 UTC</dateCreated>
  <dateModified>2021-01-28 12:55:45.777 UTC</dateModified>
</layer>