<dataStore>
  <id>DataStoreInfoImpl-de3043b:17ac0995a34:-7ff9</id>
  <name>MO_Bus_Stops</name>
  <description>Bus Stops</description>
  <type>Shapefile</type>
  <enabled>true</enabled>
  <workspace>
    <id>WorkspaceInfoImpl-53a0964:16fc2624139:-7fff</id>
  </workspace>
  <connectionParameters>
    <entry key="charset">ISO-8859-1</entry>
    <entry key="filetype">shapefile</entry>
    <entry key="create spatial index">true</entry>
    <entry key="memory mapped buffer">false</entry>
    <entry key="timezone">Asia/Kolkata</entry>
    <entry key="enable spatial index">true</entry>
    <entry key="namespace">vector</entry>
    <entry key="cache and reuse memory maps">true</entry>
    <entry key="url">file:data/MO Bus Stops/MO Bus Stops.shp</entry>
    <entry key="fstype">shape</entry>
  </connectionParameters>
  <__default>false</__default>
  <dateCreated>2021-07-19 21:20:27.147 UTC</dateCreated>
</dataStore>