<dataStore>
  <id>DataStoreInfoImpl--10fa4fed:17743297f45:-7ff6</id>
  <name>Sub Post Office</name>
  <type>GeoPackage</type>
  <enabled>true</enabled>
  <workspace>
    <id>WorkspaceInfoImpl-53a0964:16fc2624139:-7fff</id>
  </workspace>
  <connectionParameters>
    <entry key="Batch insert size">1</entry>
    <entry key="database">file:data/Sub_Post_Offices.gpkg</entry>
    <entry key="fetch size">1000</entry>
    <entry key="passwd">crypt1:DfaLIYBzhAYJyaFuogkNdVmnFyDAW8XL</entry>
    <entry key="Expose primary keys">false</entry>
    <entry key="dbtype">geopkg</entry>
    <entry key="namespace">vector</entry>
  </connectionParameters>
  <__default>false</__default>
  <dateCreated>2021-01-27 09:43:54.999 UTC</dateCreated>
</dataStore>