<dataStore>
  <id>DataStoreInfoImpl--f7c101a:177399d326e:-7ffc</id>
  <name>Public and Semipublic Use Zone</name>
  <type>GeoPackage</type>
  <enabled>true</enabled>
  <workspace>
    <id>WorkspaceInfoImpl-53a0964:16fc2624139:-7fff</id>
  </workspace>
  <connectionParameters>
    <entry key="Batch insert size">1</entry>
    <entry key="database">file:data/Public_and_Semi_public_Use_Zone_Area.gpkg</entry>
    <entry key="fetch size">1000</entry>
    <entry key="passwd">crypt1:sWXSUrv7mBSmdzGXiF1mmCV61jq2nv/9</entry>
    <entry key="Expose primary keys">false</entry>
    <entry key="dbtype">geopkg</entry>
    <entry key="namespace">vector</entry>
  </connectionParameters>
  <__default>false</__default>
  <dateCreated>2021-01-25 12:57:58.485 UTC</dateCreated>
</dataStore>