<layer>
  <name>Training_Institutes_Other</name>
  <id>LayerInfoImpl--29696050:1774393e14b:-7ffa</id>
  <type>VECTOR</type>
  <defaultStyle>
    <id>StyleInfoImpl--3e792261:17afd88f18c:-7f83</id>
  </defaultStyle>
  <resource class="featureType">
    <id>FeatureTypeInfoImpl--29696050:1774393e14b:-7ffb</id>
  </resource>
  <attribution>
    <logoWidth>0</logoWidth>
    <logoHeight>0</logoHeight>
  </attribution>
  <dateCreated>2021-01-27 11:23:30.989 UTC</dateCreated>
  <dateModified>2021-07-31 19:29:03.750 UTC</dateModified>
</layer>