<layer>
  <name>Training_Institutes_Other</name>
  <id>LayerInfoImpl--29696050:1774393e14b:-7ffa</id>
  <type>VECTOR</type>
  <defaultStyle>
    <id>StyleInfoImpl--7e893d34:1774d0fd6b9:-7ffb</id>
  </defaultStyle>
  <resource class="featureType">
    <id>FeatureTypeInfoImpl--29696050:1774393e14b:-7ffb</id>
  </resource>
  <attribution>
    <logoWidth>0</logoWidth>
    <logoHeight>0</logoHeight>
  </attribution>
  <dateCreated>2021-01-27 11:23:30.989 UTC</dateCreated>
  <dateModified>2021-01-29 07:41:00.661 UTC</dateModified>
</layer>