<layer>
  <name>Anganwadi_Centre</name>
  <id>LayerInfoImpl-c3602c:1774375fb64:-7ff1</id>
  <type>VECTOR</type>
  <defaultStyle>
    <id>StyleInfoImpl--77411324:1774cbca159:-7fc3</id>
  </defaultStyle>
  <resource class="featureType">
    <id>FeatureTypeInfoImpl-c3602c:1774375fb64:-7ff2</id>
  </resource>
  <attribution>
    <logoWidth>0</logoWidth>
    <logoHeight>0</logoHeight>
  </attribution>
  <dateCreated>2021-01-27 11:05:52.213 UTC</dateCreated>
  <dateModified>2021-01-29 07:26:41.335 UTC</dateModified>
</layer>