<dataStore>
  <id>DataStoreInfoImpl--5ceb1e9:17742a00fd6:-7ff9</id>
  <name>Nandankanan Eco-Sensitive Boundary</name>
  <type>GeoPackage</type>
  <enabled>true</enabled>
  <workspace>
    <id>WorkspaceInfoImpl-53a0964:16fc2624139:-7fff</id>
  </workspace>
  <connectionParameters>
    <entry key="Batch insert size">1</entry>
    <entry key="database">file:data/Nandankanan Eco Sensitive  Boundary.gpkg</entry>
    <entry key="fetch size">1000</entry>
    <entry key="passwd">crypt1:6xxXg0QTF6DY5h6tqSvuoFUWvWtmIl3w</entry>
    <entry key="Expose primary keys">false</entry>
    <entry key="dbtype">geopkg</entry>
    <entry key="namespace">vector</entry>
  </connectionParameters>
  <__default>false</__default>
  <dateCreated>2021-01-27 07:14:08.389 UTC</dateCreated>
</dataStore>