<dataStore>
  <id>DataStoreInfoImpl-c3602c:1774375fb64:-7ff0</id>
  <name>Learning Point</name>
  <type>GeoPackage</type>
  <enabled>true</enabled>
  <workspace>
    <id>WorkspaceInfoImpl-53a0964:16fc2624139:-7fff</id>
  </workspace>
  <connectionParameters>
    <entry key="Batch insert size">1</entry>
    <entry key="database">file:data/Learning_Point.gpkg</entry>
    <entry key="fetch size">1000</entry>
    <entry key="passwd">crypt1:xoUrGA+KS2+7o+qZRsJsEWBYAy8SefrJ</entry>
    <entry key="Expose primary keys">false</entry>
    <entry key="dbtype">geopkg</entry>
    <entry key="namespace">vector</entry>
  </connectionParameters>
  <__default>false</__default>
  <dateCreated>2021-01-27 11:06:48.555 UTC</dateCreated>
</dataStore>