<dataStore>
  <id>DataStoreInfoImpl-5dd23270:17742469742:-7ff5</id>
  <name>Airport_CDP_Area</name>
  <type>GeoPackage</type>
  <enabled>true</enabled>
  <workspace>
    <id>WorkspaceInfoImpl-53a0964:16fc2624139:-7fff</id>
  </workspace>
  <connectionParameters>
    <entry key="Batch insert size">1</entry>
    <entry key="database">file:data/Airport_CDP_Area.gpkg</entry>
    <entry key="fetch size">1000</entry>
    <entry key="passwd">crypt1:5g0XNGu/IBPk6yifX3+sZmQsd4AfuCRz</entry>
    <entry key="Expose primary keys">false</entry>
    <entry key="dbtype">geopkg</entry>
    <entry key="namespace">vector</entry>
  </connectionParameters>
  <__default>false</__default>
  <dateCreated>2021-01-27 05:35:21.148 UTC</dateCreated>
</dataStore>