<dataStore>
  <id>DataStoreInfoImpl-66c2c4c:16fc34d42ae:-7f0e</id>
  <name>basemap_polygons</name>
  <type>GeoPackage</type>
  <enabled>true</enabled>
  <workspace>
    <id>WorkspaceInfoImpl-53a0964:16fc2624139:-7fff</id>
  </workspace>
  <connectionParameters>
    <entry key="Batch insert size">1</entry>
    <entry key="database">file:data/polygons.gpkg</entry>
    <entry key="fetch size">1000</entry>
    <entry key="Expose primary keys">false</entry>
    <entry key="dbtype">geopkg</entry>
    <entry key="namespace">vector</entry>
  </connectionParameters>
  <__default>false</__default>
  <dateModified>2020-10-29 21:24:42.607 UTC</dateModified>
</dataStore>
