<dataStore>
  <id>DataStoreInfoImpl-343c255e:17036557ae0:-7f9c</id>
  <name>bbswr_slum_houses</name>
  <type>GeoPackage</type>
  <enabled>true</enabled>
  <workspace>
    <id>WorkspaceInfoImpl-53a0964:16fc2624139:-7fff</id>
  </workspace>
  <connectionParameters>
    <entry key="Batch insert size">1</entry>
    <entry key="database">file:data/bhubaneshwar/slum_houses.gpkg</entry>
    <entry key="fetch size">1000</entry>
    <entry key="Expose primary keys">false</entry>
    <entry key="dbtype">geopkg</entry>
    <entry key="namespace">vector</entry>
  </connectionParameters>
  <__default>false</__default>
  <dateModified>2020-11-04 12:23:27.775 UTC</dateModified>
</dataStore>