<dataStore>
  <id>DataStoreInfoImpl-2dc2df3b:177433d57f8:-7ff0</id>
  <name>Community Centre</name>
  <type>GeoPackage</type>
  <enabled>true</enabled>
  <workspace>
    <id>WorkspaceInfoImpl-53a0964:16fc2624139:-7fff</id>
  </workspace>
  <connectionParameters>
    <entry key="Batch insert size">1</entry>
    <entry key="database">file:data/Community_Centers.gpkg</entry>
    <entry key="fetch size">1000</entry>
    <entry key="passwd">crypt1:SzpFOy9/fgDkWh+WRhBZXxtP0guwwaXn</entry>
    <entry key="Expose primary keys">false</entry>
    <entry key="dbtype">geopkg</entry>
    <entry key="namespace">vector</entry>
  </connectionParameters>
  <__default>false</__default>
  <dateCreated>2021-01-27 10:19:56.717 UTC</dateCreated>
</dataStore>