<layer>
  <name>Road_Area</name>
  <id>LayerInfoImpl-5dd23270:17742469742:-7ff7</id>
  <type>VECTOR</type>
  <defaultStyle>
    <id>StyleInfoImpl-4771d6ca:17748a3c38d:-7fd0</id>
  </defaultStyle>
  <resource class="featureType">
    <id>FeatureTypeInfoImpl-5dd23270:17742469742:-7ff8</id>
  </resource>
  <attribution>
    <logoWidth>0</logoWidth>
    <logoHeight>0</logoHeight>
  </attribution>
  <dateCreated>2021-01-27 05:33:04.588 UTC</dateCreated>
  <dateModified>2021-01-28 12:29:12.934 UTC</dateModified>
</layer>