<layer>
  <name>Wholesale_Commercial_Use_Zone</name>
  <id>LayerInfoImpl-59cb850a:1773983d10e:-7ff7</id>
  <type>VECTOR</type>
  <defaultStyle>
    <id>StyleInfoImpl--174173c6:17af20ace36:-7fd8</id>
  </defaultStyle>
  <resource class="featureType">
    <id>FeatureTypeInfoImpl-59cb850a:1773983d10e:-7ff8</id>
  </resource>
  <attribution>
    <logoWidth>0</logoWidth>
    <logoHeight>0</logoHeight>
  </attribution>
  <dateCreated>2021-01-25 12:38:07.299 UTC</dateCreated>
  <dateModified>2021-07-31 21:40:03.373 UTC</dateModified>
</layer>