<GeoServerTileLayer>
  <id>LayerInfoImpl--20cdb769:17743209d09:-7ff7</id>
  <enabled>true</enabled>
  <inMemoryCached>true</inMemoryCached>
  <name>vector:Police_Out_Post</name>
  <mimeFormats>
    <string>image/png</string>
    <string>image/jpeg</string>
  </mimeFormats>
  <gridSubsets>
    <gridSubset>
      <gridSetName>EPSG:900913</gridSetName>
      <extent>
        <coords>
          <double>9540195.166292924</double>
          <double>2294546.3198328223</double>
          <double>9570241.600267677</double>
          <double>2320444.7550468473</double>
        </coords>
      </extent>
    </gridSubset>
    <gridSubset>
      <gridSetName>EPSG:4326</gridSetName>
      <extent>
        <coords>
          <double>85.70103131364112</double>
          <double>20.1815150551639</double>
          <double>85.97094302236921</double>
          <double>20.39972758359923</double>
        </coords>
      </extent>
    </gridSubset>
  </gridSubsets>
  <metaWidthHeight>
    <int>4</int>
    <int>4</int>
  </metaWidthHeight>
  <expireCache>0</expireCache>
  <expireClients>0</expireClients>
  <parameterFilters>
    <styleParameterFilter>
      <key>STYLES</key>
      <defaultValue></defaultValue>
      <availableStyles class="sorted-set"/>
      <defaultStyle>vector:Police Out Post</defaultStyle>
    </styleParameterFilter>
  </parameterFilters>
  <gutter>0</gutter>
</GeoServerTileLayer>