<GeoServerTileLayer>
  <id>LayerInfoImpl--10fa4fed:17743297f45:-7ff7</id>
  <enabled>true</enabled>
  <inMemoryCached>true</inMemoryCached>
  <name>vector:Branch_Post_Offices</name>
  <mimeFormats>
    <string>image/png</string>
    <string>image/jpeg</string>
  </mimeFormats>
  <gridSubsets>
    <gridSubset>
      <gridSetName>EPSG:900913</gridSetName>
      <extent>
        <coords>
          <double>9547724.113842038</double>
          <double>2300150.5897596558</double>
          <double>9560848.34782056</double>
          <double>2314295.663335235</double>
        </coords>
      </extent>
    </gridSubset>
    <gridSubset>
      <gridSetName>EPSG:4326</gridSetName>
      <extent>
        <coords>
          <double>85.76866500020817</double>
          <double>20.22876099961595</double>
          <double>85.88656199996083</double>
          <double>20.3479450000671</double>
        </coords>
      </extent>
    </gridSubset>
  </gridSubsets>
  <metaWidthHeight>
    <int>4</int>
    <int>4</int>
  </metaWidthHeight>
  <expireCache>0</expireCache>
  <expireClients>0</expireClients>
  <parameterFilters>
    <styleParameterFilter>
      <key>STYLES</key>
      <defaultValue></defaultValue>
      <availableStyles class="sorted-set"/>
      <defaultStyle>vector:Branch Post Office</defaultStyle>
    </styleParameterFilter>
  </parameterFilters>
  <gutter>0</gutter>
</GeoServerTileLayer>