<GeoServerTileLayer>
  <id>LayerInfoImpl-37a69c58:17743a0ebd6:-7ff7</id>
  <enabled>true</enabled>
  <inMemoryCached>true</inMemoryCached>
  <name>vector:Pvt_Hospitals</name>
  <mimeFormats>
    <string>image/png</string>
    <string>image/jpeg</string>
  </mimeFormats>
  <gridSubsets>
    <gridSubset>
      <gridSetName>EPSG:900913</gridSetName>
      <extent>
        <coords>
          <double>9547759.635713736</double>
          <double>2300609.0181580964</double>
          <double>9556734.532603828</double>
          <double>2314142.1995483725</double>
        </coords>
      </extent>
    </gridSubset>
    <gridSubset>
      <gridSetName>EPSG:4326</gridSetName>
      <extent>
        <coords>
          <double>85.76898409861083</double>
          <double>20.23262507580757</double>
          <double>85.8496069691085</double>
          <double>20.34665243229484</double>
        </coords>
      </extent>
    </gridSubset>
  </gridSubsets>
  <metaWidthHeight>
    <int>4</int>
    <int>4</int>
  </metaWidthHeight>
  <expireCache>0</expireCache>
  <expireClients>0</expireClients>
  <parameterFilters>
    <styleParameterFilter>
      <key>STYLES</key>
      <defaultValue></defaultValue>
      <availableStyles class="sorted-set"/>
      <defaultStyle>vector:Hospital</defaultStyle>
    </styleParameterFilter>
  </parameterFilters>
  <gutter>0</gutter>
</GeoServerTileLayer>