<GeoServerTileLayer>
  <id>LayerInfoImpl-37a69c58:17743a0ebd6:-7ff4</id>
  <enabled>true</enabled>
  <inMemoryCached>true</inMemoryCached>
  <name>vector:Pvt._Nursing_Home_Pvt</name>
  <mimeFormats>
    <string>image/png</string>
    <string>image/jpeg</string>
  </mimeFormats>
  <gridSubsets>
    <gridSubset>
      <gridSetName>EPSG:900913</gridSetName>
      <extent>
        <coords>
          <double>9550539.13637973</double>
          <double>2302778.6014601444</double>
          <double>9556474.213594858</double>
          <double>2307929.8938379316</double>
        </coords>
      </extent>
    </gridSubset>
    <gridSubset>
      <gridSetName>EPSG:4326</gridSetName>
      <extent>
        <coords>
          <double>85.79395277791566</double>
          <double>20.25091111088582</double>
          <double>85.84726848366346</double>
          <double>20.29431944458827</double>
        </coords>
      </extent>
    </gridSubset>
  </gridSubsets>
  <metaWidthHeight>
    <int>4</int>
    <int>4</int>
  </metaWidthHeight>
  <expireCache>0</expireCache>
  <expireClients>0</expireClients>
  <parameterFilters>
    <styleParameterFilter>
      <key>STYLES</key>
      <defaultValue></defaultValue>
      <availableStyles class="sorted-set"/>
      <defaultStyle>vector:Nursing Home</defaultStyle>
    </styleParameterFilter>
  </parameterFilters>
  <gutter>0</gutter>
</GeoServerTileLayer>