<GeoServerTileLayer>
  <id>LayerInfoImpl--5ceb1e9:17742a00fd6:-7ff7</id>
  <enabled>true</enabled>
  <inMemoryCached>true</inMemoryCached>
  <name>vector:Nandankanan_Eco_Sensitive_Boundary</name>
  <mimeFormats>
    <string>image/png</string>
    <string>image/jpeg</string>
  </mimeFormats>
  <gridSubsets>
    <gridSubset>
      <gridSetName>EPSG:900913</gridSetName>
      <extent>
        <coords>
          <double>9551213.856304444</double>
          <double>2318774.4451648653</double>
          <double>9554456.871364217</double>
          <double>2321641.7372850953</double>
        </coords>
      </extent>
    </gridSubset>
    <gridSubset>
      <gridSetName>EPSG:4326</gridSetName>
      <extent>
        <coords>
          <double>85.80001389012438</double>
          <double>20.38566332973824</double>
          <double>85.8291463900726</double>
          <double>20.40980555978469</double>
        </coords>
      </extent>
    </gridSubset>
  </gridSubsets>
  <metaWidthHeight>
    <int>4</int>
    <int>4</int>
  </metaWidthHeight>
  <expireCache>0</expireCache>
  <expireClients>0</expireClients>
  <parameterFilters>
    <styleParameterFilter>
      <key>STYLES</key>
      <defaultValue></defaultValue>
      <availableStyles class="sorted-set"/>
      <defaultStyle>vector:Nandankanan Eco-Sensitive Boundary</defaultStyle>
    </styleParameterFilter>
  </parameterFilters>
  <gutter>0</gutter>
</GeoServerTileLayer>