<layer>
  <name>Fire_Stations</name>
  <id>LayerInfoImpl-2dc2df3b:177433d57f8:-7fe8</id>
  <type>VECTOR</type>
  <defaultStyle>
    <id>StyleInfoImpl--77411324:1774cbca159:-7fd3</id>
  </defaultStyle>
  <resource class="featureType">
    <id>FeatureTypeInfoImpl-2dc2df3b:177433d57f8:-7fe9</id>
  </resource>
  <attribution>
    <logoWidth>0</logoWidth>
    <logoHeight>0</logoHeight>
  </attribution>
  <dateCreated>2021-01-27 10:45:38.716 UTC</dateCreated>
  <dateModified>2021-01-29 07:13:09.299 UTC</dateModified>
</layer>