<layer>
  <name>State_Government_Offices</name>
  <id>LayerInfoImpl--1408e31d:17743982f38:-7ff7</id>
  <type>VECTOR</type>
  <defaultStyle>
    <id>StyleInfoImpl--7e893d34:1774d0fd6b9:-7fe0</id>
  </defaultStyle>
  <resource class="featureType">
    <id>FeatureTypeInfoImpl--1408e31d:17743982f38:-7ff8</id>
  </resource>
  <attribution>
    <logoWidth>0</logoWidth>
    <logoHeight>0</logoHeight>
  </attribution>
  <dateCreated>2021-01-27 11:33:38.429 UTC</dateCreated>
  <dateModified>2021-01-29 08:51:54.704 UTC</dateModified>
</layer>