<dataStore>
  <id>DataStoreInfoImpl-4efbcded:177422fc4d6:-7ffc</id>
  <name>Residential_Use_Zone</name>
  <type>GeoPackage</type>
  <enabled>true</enabled>
  <workspace>
    <id>WorkspaceInfoImpl-53a0964:16fc2624139:-7fff</id>
  </workspace>
  <connectionParameters>
    <entry key="Batch insert size">1</entry>
    <entry key="database">file:data/Residential_Use_Zone_Area.gpkg</entry>
    <entry key="fetch size">1000</entry>
    <entry key="passwd">crypt1:nQllJ8FIcSsYT1DTna+ZbnG/mRzss/OU</entry>
    <entry key="Expose primary keys">false</entry>
    <entry key="dbtype">geopkg</entry>
    <entry key="namespace">vector</entry>
  </connectionParameters>
  <__default>false</__default>
  <dateCreated>2021-01-27 04:55:48.202 UTC</dateCreated>
</dataStore>