<dataStore>
  <id>DataStoreInfoImpl-5dd23270:17742469742:-7ffc</id>
  <name>Residential within Special Heritage</name>
  <type>GeoPackage</type>
  <enabled>true</enabled>
  <workspace>
    <id>WorkspaceInfoImpl-53a0964:16fc2624139:-7fff</id>
  </workspace>
  <connectionParameters>
    <entry key="Batch insert size">1</entry>
    <entry key="database">file:data/Residential_within_Special_Heritage_Zone_Area.gpkg</entry>
    <entry key="fetch size">1000</entry>
    <entry key="passwd">crypt1:qrhorlDKzApfUpYp1R6psz4gi3XGHFdT</entry>
    <entry key="Expose primary keys">false</entry>
    <entry key="dbtype">geopkg</entry>
    <entry key="namespace">vector</entry>
  </connectionParameters>
  <__default>false</__default>
  <dateCreated>2021-01-27 05:29:36.560 UTC</dateCreated>
</dataStore>