<layer>
  <name>Learning_Point</name>
  <id>LayerInfoImpl-c3602c:1774375fb64:-7fee</id>
  <type>VECTOR</type>
  <defaultStyle>
    <id>StyleInfoImpl--77411324:1774cbca159:-7fbf</id>
  </defaultStyle>
  <resource class="featureType">
    <id>FeatureTypeInfoImpl-c3602c:1774375fb64:-7fef</id>
  </resource>
  <attribution>
    <logoWidth>0</logoWidth>
    <logoHeight>0</logoHeight>
  </attribution>
  <dateCreated>2021-01-27 11:06:59.569 UTC</dateCreated>
  <dateModified>2021-01-29 07:28:24.667 UTC</dateModified>
</layer>