<dataStore>
  <id>DataStoreInfoImpl--29696050:1774393e14b:-7ffc</id>
  <name>Training_Institutes_Other</name>
  <type>GeoPackage</type>
  <enabled>true</enabled>
  <workspace>
    <id>WorkspaceInfoImpl-53a0964:16fc2624139:-7fff</id>
  </workspace>
  <connectionParameters>
    <entry key="Batch insert size">1</entry>
    <entry key="database">file:data/Training_Institutes_Other.gpkg</entry>
    <entry key="fetch size">1000</entry>
    <entry key="passwd">crypt1:HeND7C32KVkMq507MJ3av0v3ny0KuJGD</entry>
    <entry key="Expose primary keys">false</entry>
    <entry key="dbtype">geopkg</entry>
    <entry key="namespace">vector</entry>
  </connectionParameters>
  <__default>false</__default>
  <dateCreated>2021-01-27 11:23:15.824 UTC</dateCreated>
</dataStore>