<dataStore>
  <id>DataStoreInfoImpl--d260471:17020009e7b:-5a45</id>
  <name>time_map_from_points</name>
  <type>GeoPackage</type>
  <enabled>true</enabled>
  <workspace>
    <id>WorkspaceInfoImpl-53a0964:16fc2624139:-7fff</id>
  </workspace>
  <connectionParameters>
    <entry key="Batch insert size">1</entry>
    <entry key="database">file:data/m1_from_points.gpkg</entry>
    <entry key="fetch size">1000</entry>
    <entry key="Expose primary keys">false</entry>
    <entry key="dbtype">geopkg</entry>
    <entry key="namespace">vector</entry>
  </connectionParameters>
  <__default>false</__default>
  <dateModified>2020-10-29 21:25:10.883 UTC</dateModified>
</dataStore>
