<dataStore>
  <id>DataStoreInfoImpl-6dbd5527:17af090e526:-7f86</id>
  <name>BMC Boundary</name>
  <type>Shapefile</type>
  <enabled>true</enabled>
  <workspace>
    <id>WorkspaceInfoImpl-53a0964:16fc2624139:-7fff</id>
  </workspace>
  <connectionParameters>
    <entry key="charset">ISO-8859-1</entry>
    <entry key="filetype">shapefile</entry>
    <entry key="create spatial index">true</entry>
    <entry key="memory mapped buffer">false</entry>
    <entry key="timezone">Asia/Kolkata</entry>
    <entry key="enable spatial index">true</entry>
    <entry key="namespace">vector</entry>
    <entry key="cache and reuse memory maps">true</entry>
    <entry key="url">file:data/BMC Boundary/BMC Boundary.shp</entry>
    <entry key="fstype">shape</entry>
  </connectionParameters>
  <__default>false</__default>
  <dateCreated>2021-07-29 10:58:48.785 UTC</dateCreated>
</dataStore>