<dataStore>
  <id>DataStoreInfoImpl-2969cd93:17742292866:-7ffc</id>
  <name>Proposed CDP 2030</name>
  <type>GeoPackage</type>
  <enabled>true</enabled>
  <workspace>
    <id>WorkspaceInfoImpl-53a0964:16fc2624139:-7fff</id>
  </workspace>
  <connectionParameters>
    <entry key="Batch insert size">1</entry>
    <entry key="database">file:data/Proposed CDP 2030 BMC Landuse.gpkg</entry>
    <entry key="fetch size">1000</entry>
    <entry key="passwd">crypt1:i2oBeqKiQAC6ivnB5DUJZlU0ZbAt8Zid</entry>
    <entry key="Expose primary keys">false</entry>
    <entry key="dbtype">geopkg</entry>
    <entry key="namespace">vector</entry>
  </connectionParameters>
  <__default>false</__default>
  <dateCreated>2021-01-27 04:48:35.613 UTC</dateCreated>
</dataStore>