<layer>
  <name>Colleges</name>
  <id>LayerInfoImpl-c3602c:1774375fb64:-7ff4</id>
  <type>VECTOR</type>
  <defaultStyle>
    <id>StyleInfoImpl--77411324:1774cbca159:-7fc6</id>
  </defaultStyle>
  <resource class="featureType">
    <id>FeatureTypeInfoImpl-c3602c:1774375fb64:-7ff5</id>
  </resource>
  <attribution>
    <logoWidth>0</logoWidth>
    <logoHeight>0</logoHeight>
  </attribution>
  <dateCreated>2021-01-27 11:04:45.758 UTC</dateCreated>
  <dateModified>2021-01-29 07:23:50.577 UTC</dateModified>
</layer>