<dataStore>
  <id>DataStoreInfoImpl-37a69c58:17743a0ebd6:-7ff6</id>
  <name>Nursing Home</name>
  <type>GeoPackage</type>
  <enabled>true</enabled>
  <workspace>
    <id>WorkspaceInfoImpl-53a0964:16fc2624139:-7fff</id>
  </workspace>
  <connectionParameters>
    <entry key="Batch insert size">1</entry>
    <entry key="database">file:data/Pvt. Nursing Home Pvt.gpkg</entry>
    <entry key="fetch size">1000</entry>
    <entry key="passwd">crypt1:2xHuQIQ54bXbb7aTPf38OM4ODUezOfcX</entry>
    <entry key="Expose primary keys">false</entry>
    <entry key="dbtype">geopkg</entry>
    <entry key="namespace">vector</entry>
  </connectionParameters>
  <__default>false</__default>
  <dateCreated>2021-01-27 11:55:05.275 UTC</dateCreated>
</dataStore>