<dataStore>
  <id>DataStoreInfoImpl-53a0964:16fc2624139:-7fdd</id>
  <name>time_map_stricken_area</name>
  <type>GeoPackage</type>
  <enabled>true</enabled>
  <workspace>
    <id>WorkspaceInfoImpl-53a0964:16fc2624139:-7fff</id>
  </workspace>
  <connectionParameters>
    <entry key="Batch insert size">1</entry>
    <entry key="database">file:data/m1_stricken_area.gpkg</entry>
    <entry key="fetch size">1000</entry>
    <entry key="Expose primary keys">false</entry>
    <entry key="read_only">false</entry>
    <entry key="dbtype">geopkg</entry>
    <entry key="namespace">vector</entry>
  </connectionParameters>
  <__default>false</__default>
  <dateModified>2021-07-31 23:31:34.327 UTC</dateModified>
</dataStore>