<layer>
  <name>Central_Government_Offices</name>
  <id>LayerInfoImpl--1408e31d:17743982f38:-7ffa</id>
  <type>VECTOR</type>
  <defaultStyle>
    <id>StyleInfoImpl--7e893d34:1774d0fd6b9:-7fe3</id>
  </defaultStyle>
  <resource class="featureType">
    <id>FeatureTypeInfoImpl--1408e31d:17743982f38:-7ffb</id>
  </resource>
  <attribution>
    <logoWidth>0</logoWidth>
    <logoHeight>0</logoHeight>
  </attribution>
  <dateCreated>2021-01-27 11:32:28.367 UTC</dateCreated>
  <dateModified>2021-01-29 08:49:25.841 UTC</dateModified>
</layer>