<dataStore>
  <id>DataStoreInfoImpl-37a69c58:17743a0ebd6:-7ff9</id>
  <name>Hospital</name>
  <type>GeoPackage</type>
  <enabled>true</enabled>
  <workspace>
    <id>WorkspaceInfoImpl-53a0964:16fc2624139:-7fff</id>
  </workspace>
  <connectionParameters>
    <entry key="Batch insert size">1</entry>
    <entry key="database">file:data/Pvt Hospitals.gpkg</entry>
    <entry key="fetch size">1000</entry>
    <entry key="passwd">crypt1:x79/hTlTX8EguORZ4W2PIgyJHOoQBfl0</entry>
    <entry key="Expose primary keys">false</entry>
    <entry key="dbtype">geopkg</entry>
    <entry key="namespace">vector</entry>
  </connectionParameters>
  <__default>false</__default>
  <dateCreated>2021-01-27 11:53:30.978 UTC</dateCreated>
</dataStore>